,question,text_response,model_eval
0,"Over the last two weeks, how often have you been bothered by having little interest or pleasure in doing things?","Ever since Alaska broke up with me, all the time",2
1,"Over the last two weeks, how often have you been bothered by feeling down, depressed, or hopeless?",I feel it all the time. It's like I'm an anchor and I am drowning each day.,3
2,"Over the last two weeks, how often have you been bothered by having trouble falling or staying asleep, or sleeping too much?",I never sleep in case Alaska comes back and I miss her,2
3,"Over the last two weeks, how often have you been bothered by feeling tired or having little energy?",I am kind of tired but I am relentless in my pursuit of Alaska,2
4,"Over the last two weeks, how often have you been bothered by having poor appetite or overeating?",I never eat in case I am eating and I miss Alaska,2
5,"Over the last two weeks, how often have you been bothered by feeling bad about yourself - or that you are a failure or have let yourself or your family down?",All the time because why would Alaska leave if I was a great guy? I'm clearly horrible,3
6,"Over the last two weeks, how often have you been bothered by having trouble concentrating on things, such as reading the newspaper or watching television?","I concentrate very hard on looking for Alaska, nothing else",3
7,"Over the last two weeks, how often have you been bothered by moving or speaking so slowly that other people could have noticed? Or the opposite - being so fidgety or restless that you have been moving around a lot more than usual?",I move very fast so I can be in all places at once so I can see where Alaska went,2
8,"Over the last two weeks, how often have you been bothered by having thoughts that you would be better off dead or of hurting yourself in some way?",I don't want to be dead what if I miss Alaska,2
9," How difficult have these problems made it for you to do your work, take care of things at home, or get along with other people?",Yeah but I don't care as long as I can keep looking for Alaska,1
